Strain,Fitness_estimated,Donor,Donor_conc,Biol_rep
SANewman,1,AMX,1,1
SANewman,1,AMX,2,1
SANewman,0.936660482,AMX,3,1
SANewman,0.435330252,ASA,1,1
SANewman,0.860667639,ASA,2,1
SANewman,0.924872237,ASA,3,1
SANewman,0.972330391,AUR,1,1
SANewman,1,AUR,2,1
SANewman,0.987021122,AUR,3,1
SANewman,0.404252763,AZM,1,1
SANewman,0.829762967,AZM,2,1
SANewman,0.894621575,AZM,3,1
SANewman,0.049349449,BAC,1,1
SANewman,0.116385308,BAC,2,1
SANewman,0.61203233,BAC,3,1
SANewman,1,BZK,1,1
SANewman,1,BZK,2,1
SANewman,1,BZK,3,1
SANewman,0.040505875,CCCP,1,1
SANewman,0.061471514,CCCP,2,1
SANewman,0.021543861,CCCP,3,1
SANewman,0.941153225,CER,1,1
SANewman,0.90497273,CER,3,1
SANewman,0.080822254,CIP,1,1
SANewman,0.556879978,CIP,2,1
SANewman,0.616879899,CIP,3,1
SANewman,0.117263389,CLI,1,1
SANewman,0.331677195,CLI,2,1
SANewman,0.59593701,CLI,3,1
SANewman,0.036694989,CLR,1,1
SANewman,0.055035733,CLR,2,1
SANewman,0.102659601,CLR,3,1
SANewman,0.086923227,CTC,1,1
SANewman,0.032179547,CTC,2,1
SANewman,0.082750188,CTC,3,1
SANewman,0.040722503,CTX,1,1
SANewman,0.037237813,CTX,2,1
SANewman,0.040204465,CTX,3,1
SANewman,0.984917244,DAP,1,1
SANewman,0.969306419,DAP,2,1
SANewman,0.970822057,DAP,3,1
SANewman,0.976555673,DCS,1,1
SANewman,0.964400057,DCS,2,1
SANewman,0.975654295,DCS,3,1
SANewman,0.005355798,DOX,2,1
SANewman,0.008341029,DOX,3,1
SANewman,0.859982793,EGCG,1,1
SANewman,0.775879981,EGCG,2,1
SANewman,0.744225039,EGCG,3,1
SANewman,0.869558319,FEP,1,1
SANewman,0.877520729,FEP,2,1
SANewman,0.923249003,FEP,3,1
SANewman,0.168779878,FOF,1,1
SANewman,0.499038781,FOF,2,1
SANewman,0.567157889,FOF,3,1
SANewman,1,GEN,1,2
SANewman,0.998559995,GEN,2,1
SANewman,1,GEN,2,2
SANewman,0.961984184,GEN,3,1
SANewman,0.919762686,GEN,3,2
SANewman,0.020100224,IPM,1,1
SANewman,0.00226315,IPM,2,1
SANewman,0.009508641,IPM,3,1
SANewman,0.044596797,LCX,1,1
SANewman,0.440744577,LCX,2,1
SANewman,0.765321759,LCX,3,1
SANewman,1,LEX,1,1
SANewman,1,LEX,2,1
SANewman,1,LEX,3,1
SANewman,0.913123082,LIN,2,1
SANewman,0.984680098,LIN,3,1
SANewman,0.010541422,LOP,1,1
SANewman,0.084880437,LOP,2,1
SANewman,0.57224298,LOP,3,1
SANewman,0.065768165,LZD,1,1
SANewman,0.152434514,LZD,2,1
SANewman,0.375367089,LZD,3,1
SANewman,0.159968183,MXF,1,1
SANewman,0.592445848,MXF,2,1
SANewman,0.757501012,MXF,3,1
SANewman,0.106703928,NVB,1,1
SANewman,0.277804313,NVB,2,1
SANewman,0.61564454,NVB,3,1
SANewman,0.052036149,ORI,1,1
SANewman,0.162445137,ORI,2,1
SANewman,0.596283995,ORI,3,1
SANewman,0.581815587,OXA,1,1
SANewman,0.689604031,OXA,2,1
SANewman,0.745274713,OXA,3,1
SANewman,0.031231033,PLM,1,1
SANewman,0.065883536,PLM,2,1
SANewman,0.357829287,PLM,3,1
SANewman,1,PRC,1,1
SANewman,1,PRC,2,1
SANewman,1,PRC,3,1
SANewman,0.987690677,PRI,1,1
SANewman,0.948287585,PRI,2,1
SANewman,0.976058736,PRI,3,1
SANewman,0.004878141,RIF,1,1
SANewman,0.025690422,RIF,2,1
SANewman,0.015370216,RIF,3,1
SANewman,0.250958629,STR,1,1
SANewman,0.634522281,STR,2,1
SANewman,0.903272122,STR,3,1
SANewman,0.102331068,TMP,1,1
SANewman,0.599133319,TMP,2,1
SANewman,0.734815346,TMP,3,1
SANewman,0.04660538,TRI,1,1
SANewman,0.023679868,TRI,2,1
SANewman,0.032313898,TRI,3,1
SANewman,0.42659603,TZD,1,1
SANewman,0.944183658,TZD,2,1
SANewman,1,TZD,3,1
SANewman,0.925055319,VAN,1,1
SANewman,0.925365652,VAN,2,1
SANewman,0.957137063,VAN,3,1
SANewman,0.862545815,AMX,1,2
SANewman,0.916242561,AMX,2,2
SANewman,0.905558372,AMX,3,2
SANewman,0.060578976,ASA,1,2
SANewman,0.55524247,ASA,2,2
SANewman,0.766025617,ASA,3,2
SANewman,1,AUR,1,2
SANewman,1,AUR,2,2
SANewman,1,AUR,3,2
SANewman,0.06180222,BAC,1,2
SANewman,0.104460021,BAC,2,2
SANewman,0.573299722,BAC,3,2
SANewman,0.383219069,BZK,1,2
SANewman,0.929895633,BZK,2,2
SANewman,0.96721743,BZK,3,2
SANewman,0.236876408,CHL,1,1
SANewman,0.112057029,CHL,1,2
SANewman,0.498068707,CHL,2,1
SANewman,0.377182262,CHL,2,2
SANewman,0.773685188,CHL,3,1
SANewman,0.690350514,CHL,3,2
SANewman,0.092375661,CLR,1,2
SANewman,0.124498082,CLR,2,2
SANewman,0.523620214,CLR,3,2
SANewman,0.048864749,CTC,1,2
SANewman,0.129700171,CTC,2,2
SANewman,0.153193361,CTC,3,2
SANewman,0.300587033,CTX,1,2
SANewman,0.498562602,CTX,2,2
SANewman,0.686403467,CTX,3,2
SANewman,0.92374225,DCS,1,2
SANewman,0.912072839,DCS,2,2
SANewman,0.940942467,DCS,3,2
SANewman,0.711649431,DXR,1,1
SANewman,0.827785648,DXR,1,2
SANewman,0.763582194,DXR,2,1
SANewman,0.909299799,DXR,2,2
SANewman,0.767265133,DXR,3,1
SANewman,0.902415936,DXR,3,2
SANewman,0.054928113,ERI,1,1
SANewman,0.061654503,ERI,2,1
SANewman,0.255228673,ERI,3,1
SANewman,0.793930342,FEP,1,2
SANewman,0.889826757,FEP,2,2
SANewman,0.975314139,FEP,3,2
SANewman,0.027687633,FUS,1,1
SANewman,0.049993382,FUS,2,1
SANewman,0.110009837,FUS,3,1
SANewman,0.015045073,IPM,1,2
SANewman,0.010090427,IPM,2,2
SANewman,0.016047371,IPM,3,2
SANewman,0.385306615,LIN,1,2
SANewman,0.81605571,LIN,2,2
SANewman,0.937348664,LIN,3,2
SANewman,0.089612122,MCZ,1,1
SANewman,0.088192526,MCZ,1,2
SANewman,0.58621592,MCZ,2,1
SANewman,0.461037979,MCZ,2,2
SANewman,0.908599188,MCZ,3,1
SANewman,0.901365172,MCZ,3,2
SANewman,0.574815795,MMC,1,1
SANewman,0.719495698,MMC,2,1
SANewman,0.73546017,MMC,3,1
SANewman,0.960505649,MTR,1,1
SANewman,0.947083921,MTR,2,1
SANewman,0.876465728,MTR,3,1
SANewman,0.042650861,MXF,1,2
SANewman,0.342549225,MXF,2,2
SANewman,0.653199516,MXF,3,2
SANewman,0.377368402,NIT,1,1
SANewman,0.61236059,NIT,2,1
SANewman,0.739755387,NIT,3,1
SANewman,0.069208364,NVB,1,2
SANewman,0.109318759,NVB,2,2
SANewman,0.486479584,NVB,3,2
SANewman,0.119229238,ORI,1,2
SANewman,0.095049341,ORI,2,2
SANewman,0.452682564,ORI,3,2
SANewman,0.964775807,PEN,1,1
SANewman,0.837021023,PEN,1,2
SANewman,0.937821972,PEN,2,1
SANewman,0.866219226,PEN,2,2
SANewman,0.897108287,PEN,3,1
SANewman,0.87051768,PEN,3,2
SANewman,0.914677252,PQ,1,1
SANewman,0.915491728,PQ,2,1
SANewman,0.904842954,PQ,3,1
SANewman,0.96434781,PRI,1,2
SANewman,0.973825351,PRI,2,2
SANewman,0.999460934,PRI,3,2
SANewman,0.997382204,PUR,1,1
SANewman,0.989267735,PUR,2,1
SANewman,1,PUR,3,1
SANewman,0.319642845,PYO,1,1
SANewman,0.693542565,PYO,2,1
SANewman,0.772939679,PYO,3,1
SANewman,0.989835149,SMX,1,1
SANewman,0.995953843,SMX,2,1
SANewman,1,SMX,3,1
SANewman,0.854989965,SPT,1,1
SANewman,0.917146035,SPT,1,2
SANewman,0.928957759,SPT,2,1
SANewman,0.942885915,SPT,2,2
SANewman,0.893183392,SPT,3,1
SANewman,0.949483263,SPT,3,2
SANewman,0.92020947,STR,1,2
SANewman,1,STR,2,2
SANewman,0.989574435,STR,3,2
SANewman,0.468003108,STZ,1,1
SANewman,0.652889499,STZ,2,1
SANewman,0.807474623,STZ,3,1
SANewman,0.781021441,TEC,1,1
SANewman,0.929506825,TEC,2,1
SANewman,1,TEC,3,1
SANewman,0.011472299,TEL,1,1
SANewman,0.045800908,TEL,2,1
SANewman,0.075264548,TEL,3,1
SANewman,1,TGC,1,1
SANewman,1,TGC,2,1
SANewman,0.987567631,TGC,3,1
SANewman,1,TPH,1,1
SANewman,1,TPH,2,1
SANewman,1,TPH,3,1
SANewman,0.012609096,TRI,1,2
SANewman,0.038754017,TRI,2,2
SANewman,0.136373335,TRI,3,2
SANewman,0.183297411,TZD,1,2
SANewman,0.562289217,TZD,2,2
SANewman,0.852972683,TZD,3,2
SANewman,0.084173858,ADEP,1,1
SANewman,0.111644174,ADEP,2,1
SANewman,0.105526716,ADEP,3,1
SANewman,0.74076474,AMX,1,3
SANewman,0.871970617,AMX,2,3
SANewman,0.883717245,AMX,3,3
SANewman,0.914514031,AZM,3,2
SANewman,0.071161603,CCCP,1,2
SANewman,0.122820988,CCCP,2,2
SANewman,0.044643579,CCCP,3,2
SANewman,0.944831226,CER,1,2
SANewman,0.987609694,CER,2,2
SANewman,0.929177601,CER,3,2
SANewman,0.083279194,CIP,1,2
SANewman,0.685575397,CIP,2,2
SANewman,0.682033581,CIP,3,2
SANewman,0.061951921,CLI,1,2
SANewman,0.15078408,CLI,2,2
SANewman,0.507950104,CLI,3,2
SANewman,0.089337783,CLR,1,3
SANewman,0.209156799,CLR,2,3
SANewman,0.558921384,CLR,3,3
SANewman,0.11063375,CTC,1,3
SANewman,0.102720118,CTC,2,3
SANewman,0.25252451,CTC,3,3
SANewman,1,DAP,1,2
SANewman,1,DAP,2,2
SANewman,1,DAP,3,2
SANewman,0.202602863,DOX,1,2
SANewman,0.467537701,DOX,2,2
SANewman,0.772330476,DOX,3,2
SANewman,0.869115634,EGCG,2,2
SANewman,0.873716163,EGCG,3,2
SANewman,0.058871192,ERI,1,2
SANewman,0.15347009,ERI,2,2
SANewman,0.10961386,ERI,3,2
SANewman,0.156003851,FOF,1,2
SANewman,0.507386575,FOF,2,2
SANewman,0.630771565,FOF,3,2
SANewman,0.10157122,FUS,1,2
SANewman,0.028991101,FUS,2,2
SANewman,0.022668852,FUS,3,2
SANewman,0.996563717,GEN,1,3
SANewman,1,GEN,2,3
SANewman,1,GEN,3,3
SANewman,0.02628651,IPM,1,3
SANewman,0.428660584,IPM,2,3
SANewman,0.57977304,IPM,3,3
SANewman,0.058224457,LCX,1,2
SANewman,0.478694857,LCX,2,2
SANewman,0.671708508,LCX,3,2
SANewman,0.987102479,LEX,1,2
SANewman,0.989485096,LEX,2,2
SANewman,0.994057285,LEX,3,2
SANewman,0.020132021,LOP,1,2
SANewman,0.165017271,LOP,2,2
SANewman,0.563432451,LOP,3,2
SANewman,0.101261113,LZD,1,2
SANewman,0.383431981,LZD,2,2
SANewman,0.740452853,LZD,3,2
SANewman,0.917066866,MTR,1,2
SANewman,0.97718912,MTR,2,2
SANewman,1,MTR,3,2
SANewman,0.110151296,MXF,1,3
SANewman,0.502607366,MXF,2,3
SANewman,0.761532893,MXF,3,3
SANewman,0.711787532,NIT,1,2
SANewman,0.816610227,NIT,2,2
SANewman,0.890894996,NIT,3,2
SANewman,0.184171782,NSN,1,1
SANewman,0.926626652,NSN,2,1
SANewman,0.999843117,NSN,3,1
SANewman,0.49249274,OXA,1,2
SANewman,0.556881685,OXA,1,3
SANewman,0.646882366,OXA,2,2
SANewman,0.705933826,OXA,2,3
SANewman,0.778609318,OXA,3,2
SANewman,0.829369631,OXA,3,3
SANewman,0.119756423,PLM,1,2
SANewman,0.26103069,PLM,2,2
SANewman,0.660175922,PLM,3,2
SANewman,0.926020108,PUR,1,2
SANewman,0.93308828,PUR,2,2
SANewman,0.960750256,PUR,3,2
SANewman,0.325021509,PYO,1,2
SANewman,0.789527161,PYO,2,2
SANewman,0.896751433,PYO,3,2
SANewman,0.042657797,RIF,1,2
SANewman,0.101501915,RIF,2,2
SANewman,0.027155639,RIF,3,2
SANewman,0.919614834,SMX,1,2
SANewman,0.973817107,SMX,2,2
SANewman,0.993371863,SMX,3,2
SANewman,0.03249353,TEL,2,2
SANewman,0.047771809,TEL,3,2
SANewman,0.99252238,TGC,1,2
SANewman,0.983471178,TGC,2,2
SANewman,0.963320298,TGC,3,2
SANewman,0.043873374,TMP,1,2
SANewman,0.488662614,TMP,2,2
SANewman,0.71202679,TMP,3,2
SANewman,0.959092188,U1,1,1
SANewman,0.953449745,U1,2,1
SANewman,0.955255122,U1,3,1
SANewman,0.91214287,VAN,1,2
SANewman,1,VAN,2,2
SANewman,1,VAN,3,2
SANewman,0.460289942,CTC,1,4
SANewman,0.800691328,CTC,2,4
SANewman,0.878335199,CTC,3,4
SANewman,0.119582849,NSN,1,2
SANewman,0.774021536,NSN,2,2
SANewman,0.865681373,NSN,3,2
SANewman,1,SMX,2,3
SANewman,1,SMX,3,3
SANewman,0.327258719,TEC,1,2
SANewman,0.679574757,TEC,2,2
SANewman,0.807903109,TEC,3,2
SANewman,0.815127902,VIR,1,1
SANewman,0.951274072,VIR,2,1
SANewman,0.913292223,VIR,3,1
SANewman,0.062926055,ADEP,1,2
SANewman,0.37663883,ADEP,3,2
SANewman,0.549359205,AMX,1,3
SANewman,0.703574761,AMX,2,3
SANewman,0.785020298,AMX,3,3
SANewman,0.311636475,AMXCLA,1,1
SANewman,0.647945159,AMXCLA,2,1
SANewman,0.821828619,AMXCLA,3,1
SANewman,0.224012477,CCCP,1,3
SANewman,0.600309905,CCCP,2,3
SANewman,0.68368472,CCCP,3,3
SANewman,0.955694504,CLA,1,1
SANewman,1,CLA,2,1
SANewman,1,CLA,3,1
SANewman,0.938258732,CXA,1,1
SANewman,0.931740878,CXA,2,1
SANewman,0.966405769,CXA,3,1
SANewman,0.134931931,ERI,1,2
SANewman,0.493436507,ERI,2,2
SANewman,0.748077458,ERI,3,2
SANewman,0.060858536,FUS,3,2
SANewman,0.035709941,MUP,2,1
SANewman,0.058085044,MUP,3,1
SANewman,0.087189711,SPT,1,3
SANewman,0.419117796,SPT,2,3
SANewman,0.709677188,SPT,3,3
SABsubtilisSM20231,0.035648624,CCCP,1,1
SABsubtilisSM20231,0.041902887,CCCP,1,2
SABsubtilisSM20231,0.076683778,CCCP,2,1
SABsubtilisSM20231,0.052207461,CCCP,2,2
SABsubtilisSM20231,0.027397482,CCCP,3,1
SABsubtilisSM20231,0.026678231,CCCP,3,2
SABsubtilisSM20231,0.105356583,CHL,1,1
SABsubtilisSM20231,0.116236579,CHL,1,2
SABsubtilisSM20231,0.474396567,CHL,2,1
SABsubtilisSM20231,0.416556827,CHL,2,2
SABsubtilisSM20231,0.693917136,CHL,3,1
SABsubtilisSM20231,0.563643379,CHL,3,2
SABsubtilisSM20231,0.079462469,CLR,1,1
SABsubtilisSM20231,0.072989047,CLR,1,2
SABsubtilisSM20231,0.145445856,CLR,2,1
SABsubtilisSM20231,0.281105507,CLR,2,2
SABsubtilisSM20231,0.586095447,CLR,3,1
SABsubtilisSM20231,0.730940404,CLR,3,2
SABsubtilisSM20231,0.673912127,CTX,1,1
SABsubtilisSM20231,0.675536249,CTX,1,2
SABsubtilisSM20231,0.761386524,CTX,2,1
SABsubtilisSM20231,0.803738978,CTX,2,2
SABsubtilisSM20231,0.837514931,CTX,3,1
SABsubtilisSM20231,0.796396074,CTX,3,2
SABsubtilisSM20231,0.070847416,ERI,1,1
SABsubtilisSM20231,0.078197353,ERI,1,2
SABsubtilisSM20231,0.039697068,ERI,2,1
SABsubtilisSM20231,0.038710765,ERI,2,2
SABsubtilisSM20231,0.0533808,ERI,3,1
SABsubtilisSM20231,0.06389408,ERI,3,2
SABsubtilisSM20231,0.03701761,FUS,1,1
SABsubtilisSM20231,0.026078466,FUS,1,2
SABsubtilisSM20231,0.028448358,FUS,2,1
SABsubtilisSM20231,0.029333501,FUS,2,2
SABsubtilisSM20231,0.026249192,FUS,3,1
SABsubtilisSM20231,0.022542847,FUS,3,2
SABsubtilisSM20231,0.031504097,IPM,1,1
SABsubtilisSM20231,0.063692756,IPM,1,2
SABsubtilisSM20231,0.012504644,IPM,2,1
SABsubtilisSM20231,0.436595631,IPM,2,2
SABsubtilisSM20231,0.017092635,IPM,3,1
SABsubtilisSM20231,0.615740464,IPM,3,2
SABsubtilisSM20231,0.04423401,LZD,1,1
SABsubtilisSM20231,0.121994106,LZD,1,2
SABsubtilisSM20231,0.15967311,LZD,2,1
SABsubtilisSM20231,0.501766278,LZD,2,2
SABsubtilisSM20231,0.481173876,LZD,3,1
SABsubtilisSM20231,0.835685459,LZD,3,2
SABsubtilisSM20231,0.994843121,MTR,1,1
SABsubtilisSM20231,1,MTR,1,2
SABsubtilisSM20231,0.993902489,MTR,2,1
SABsubtilisSM20231,1,MTR,2,2
SABsubtilisSM20231,0.968226729,MTR,3,1
SABsubtilisSM20231,1,MTR,3,2
SABsubtilisSM20231,0.051827729,TEL,1,1
SABsubtilisSM20231,0.048605661,TEL,1,2
SABsubtilisSM20231,0.032828661,TEL,2,1
SABsubtilisSM20231,0.029135479,TEL,2,2
SABsubtilisSM20231,0.173850891,TEL,3,1
SABsubtilisSM20231,0.22531077,TEL,3,2
SABsubtilisSM20231,0.05075331,TMP,1,1
SABsubtilisSM20231,0.035482003,TMP,1,2
SABsubtilisSM20231,0.105733577,TMP,2,1
SABsubtilisSM20231,0.131307802,TMP,2,2
SABsubtilisSM20231,0.56567195,TMP,3,1
SABsubtilisSM20231,0.565386543,TMP,3,2
SABsubtilisSM20231,0.021711644,AMX,1,1
SABsubtilisSM20231,0.071901532,AMX,1,2
SABsubtilisSM20231,0.048008733,AMX,2,1
SABsubtilisSM20231,0.207005147,AMX,2,2
SABsubtilisSM20231,0.338544335,AMX,3,1
SABsubtilisSM20231,0.478226821,AMX,3,2
SABsubtilisSM20231,0.527849665,ASA,1,1
SABsubtilisSM20231,0.312088529,ASA,1,2
SABsubtilisSM20231,0.781963302,ASA,2,1
SABsubtilisSM20231,0.420215375,ASA,2,2
SABsubtilisSM20231,0.928155151,ASA,3,1
SABsubtilisSM20231,0.879183124,ASA,3,2
SABsubtilisSM20231,0.055475427,AUR,1,1
SABsubtilisSM20231,0.071366517,AUR,1,2
SABsubtilisSM20231,0.023239669,AUR,2,1
SABsubtilisSM20231,0.819046109,AUR,2,2
SABsubtilisSM20231,0.026923567,AUR,3,1
SABsubtilisSM20231,0.967639596,AUR,3,2
SABsubtilisSM20231,0.027649959,BAC,1,1
SABsubtilisSM20231,0.103964362,BAC,1,2
SABsubtilisSM20231,0.018251581,BAC,2,1
SABsubtilisSM20231,0.068237477,BAC,2,2
SABsubtilisSM20231,0.086507882,BAC,3,1
SABsubtilisSM20231,0.337267028,BAC,3,2
SABsubtilisSM20231,0.501077549,BZK,1,1
SABsubtilisSM20231,0.436317026,BZK,1,2
SABsubtilisSM20231,0.981124728,BZK,2,1
SABsubtilisSM20231,1,BZK,2,2
SABsubtilisSM20231,0.976736428,BZK,3,1
SABsubtilisSM20231,0.969569438,BZK,3,2
SABsubtilisSM20231,0.976267825,CER,1,1
SABsubtilisSM20231,0.959965136,CER,1,2
SABsubtilisSM20231,1,CER,2,1
SABsubtilisSM20231,1,CER,2,2
SABsubtilisSM20231,0.970200222,CER,3,1
SABsubtilisSM20231,0.947682492,CER,3,2
SABsubtilisSM20231,0.086139247,CIP,1,1
SABsubtilisSM20231,0.075564078,CIP,1,2
SABsubtilisSM20231,0.576147934,CIP,2,1
SABsubtilisSM20231,0.509772807,CIP,2,2
SABsubtilisSM20231,0.739827748,CIP,3,1
SABsubtilisSM20231,0.683355773,CIP,3,2
SABsubtilisSM20231,0.034066046,CLI,1,1
SABsubtilisSM20231,0.05506708,CLI,1,2
SABsubtilisSM20231,0.052182453,CLI,2,1
SABsubtilisSM20231,0.07145466,CLI,2,2
SABsubtilisSM20231,0.126629167,CLI,3,1
SABsubtilisSM20231,0.374794,CLI,3,2
SABsubtilisSM20231,0.072191019,CTC,1,1
SABsubtilisSM20231,0.162186367,CTC,1,2
SABsubtilisSM20231,0.127728979,CTC,2,1
SABsubtilisSM20231,0.455751595,CTC,2,2
SABsubtilisSM20231,0.450192144,CTC,3,1
SABsubtilisSM20231,0.746300453,CTC,3,2
SABsubtilisSM20231,0.931442872,DAP,1,1
SABsubtilisSM20231,1,DAP,2,1
SABsubtilisSM20231,1,DAP,3,1
SABsubtilisSM20231,0.030806756,DAPC,1,1
SABsubtilisSM20231,0.827709216,DAPC,2,1
SABsubtilisSM20231,1,DAPC,3,1
SABsubtilisSM20231,0.956104346,DCS,1,1
SABsubtilisSM20231,0.905674517,DCS,1,2
SABsubtilisSM20231,0.972634563,DCS,2,1
SABsubtilisSM20231,0.923744326,DCS,2,2
SABsubtilisSM20231,1,DCS,3,1
SABsubtilisSM20231,0.905451741,DCS,3,2
SABsubtilisSM20231,0.045278543,DOX,1,1
SABsubtilisSM20231,0.038676765,DOX,2,1
SABsubtilisSM20231,0.055190944,DOX,3,1
SABsubtilisSM20231,0.989516296,DXR,1,1
SABsubtilisSM20231,0.814531842,DXR,1,2
SABsubtilisSM20231,0.907227563,DXR,2,1
SABsubtilisSM20231,0.968649732,DXR,2,2
SABsubtilisSM20231,0.932207791,DXR,3,1
SABsubtilisSM20231,0.903015175,DXR,3,2
SABsubtilisSM20231,0.785659475,EGCG,2,1
SABsubtilisSM20231,0.854010611,EGCG,2,2
SABsubtilisSM20231,0.803367804,EGCG,3,1
SABsubtilisSM20231,0.940871004,FEP,1,1
SABsubtilisSM20231,0.887273613,FEP,1,2
SABsubtilisSM20231,0.898961775,FEP,2,1
SABsubtilisSM20231,0.944417715,FEP,3,1
SABsubtilisSM20231,0.85232501,FEP,3,2
SABsubtilisSM20231,0.628443049,LCX,1,1
SABsubtilisSM20231,0.042431944,LCX,1,2
SABsubtilisSM20231,0.892990597,LCX,2,1
SABsubtilisSM20231,0.028495608,LCX,2,2
SABsubtilisSM20231,0.939086074,LCX,3,1
SABsubtilisSM20231,0.027419623,LCX,3,2
SABsubtilisSM20231,1,LEX,1,1
SABsubtilisSM20231,0.948004774,LEX,1,2
SABsubtilisSM20231,1,LEX,2,1
SABsubtilisSM20231,0.961464809,LEX,2,2
SABsubtilisSM20231,1,LEX,3,1
SABsubtilisSM20231,0.921329029,LEX,3,2
SABsubtilisSM20231,0.127508734,LIN,1,1
SABsubtilisSM20231,0.243003428,LIN,1,2
SABsubtilisSM20231,0.543180545,LIN,2,1
SABsubtilisSM20231,0.631951736,LIN,2,2
SABsubtilisSM20231,0.78649295,LIN,3,1
SABsubtilisSM20231,0.910494519,LIN,3,2
SABsubtilisSM20231,0.040333856,LOP,1,1
SABsubtilisSM20231,0.012257174,LOP,1,2
SABsubtilisSM20231,0.567527233,LOP,2,1
SABsubtilisSM20231,0.441992922,LOP,2,2
SABsubtilisSM20231,0.8937183,LOP,3,1
SABsubtilisSM20231,0.942683742,LOP,3,2
SABsubtilisSM20231,0.05499487,MCZ,1,2
SABsubtilisSM20231,0.05499487,MCZ,1,2
SABsubtilisSM20231,0.285256659,MCZ,2,2
SABsubtilisSM20231,0.285256659,MCZ,2,2
SABsubtilisSM20231,0.493162125,MCZ,3,2
SABsubtilisSM20231,0.493162125,MCZ,3,2
SABsubtilisSM20231,0.574353899,MMC,1,1
SABsubtilisSM20231,0.505288081,MMC,1,2
SABsubtilisSM20231,0.734193437,MMC,2,1
SABsubtilisSM20231,0.648626846,MMC,2,2
SABsubtilisSM20231,0.749134676,MMC,3,1
SABsubtilisSM20231,0.681072738,MMC,3,2
SABsubtilisSM20231,0.983321847,MTR,1,3
SABsubtilisSM20231,0.979918796,MTR,2,3
SABsubtilisSM20231,0.954828199,MTR,3,3
SABsubtilisSM20231,0.628859812,MXF,1,1
SABsubtilisSM20231,0.500683334,MXF,1,2
SABsubtilisSM20231,0.761744478,MXF,2,1
SABsubtilisSM20231,0.742828059,MXF,2,2
SABsubtilisSM20231,0.860405326,MXF,3,1
SABsubtilisSM20231,0.757732006,MXF,3,2
SABsubtilisSM20231,0.020237594,NIT,1,1
SABsubtilisSM20231,0.022222121,NIT,1,2
SABsubtilisSM20231,0.019644533,NIT,2,1
SABsubtilisSM20231,0.011719569,NIT,2,2
SABsubtilisSM20231,0.259942951,NIT,3,1
SABsubtilisSM20231,0.131165006,NIT,3,2
SABsubtilisSM20231,0.028877957,NSN,1,1
SABsubtilisSM20231,0.040627102,NSN,1,2
SABsubtilisSM20231,0.493227901,NSN,2,1
SABsubtilisSM20231,0.841644852,NSN,2,2
SABsubtilisSM20231,0.772107581,NSN,3,1
SABsubtilisSM20231,0.907259263,NSN,3,2
SABsubtilisSM20231,0.295983214,NVB,1,1
SABsubtilisSM20231,0.073765022,NVB,1,2
SABsubtilisSM20231,0.627579086,NVB,2,1
SABsubtilisSM20231,0.213809952,NVB,2,2
SABsubtilisSM20231,0.741953418,NVB,3,1
SABsubtilisSM20231,0.593841555,NVB,3,2
SABsubtilisSM20231,0.014704887,ORI,1,1
SABsubtilisSM20231,0.01150091,ORI,2,1
SABsubtilisSM20231,0.133714941,ORI,3,1
SABsubtilisSM20231,0.520002642,OXA,1,2
SABsubtilisSM20231,0.652572861,OXA,2,2
SABsubtilisSM20231,0.795641127,OXA,3,2
SABsubtilisSM20231,0.011053895,PEN,1,1
SABsubtilisSM20231,0.023427119,PEN,2,1
SABsubtilisSM20231,0.265485499,PEN,3,1
SABsubtilisSM20231,0.035575316,TRI,1,1
SABsubtilisSM20231,0.707496427,TRI,1,2
SABsubtilisSM20231,0.030529924,TRI,2,1
SABsubtilisSM20231,0.902732667,TRI,2,2
SABsubtilisSM20231,0.035828029,TRI,3,1
SABsubtilisSM20231,0.908015813,TRI,3,2
SABsubtilisSM20231,0.994760714,VAN,1,2
SABsubtilisSM20231,0.962324617,VAN,2,2
SABsubtilisSM20231,0.967029228,VAN,3,2
SABsubtilisSM20231,0.075090589,ADEP,1,1
SABsubtilisSM20231,0.049409434,ADEP,1,2
SABsubtilisSM20231,0.110379771,ADEP,2,1
SABsubtilisSM20231,0.583508727,ADEP,2,2
SABsubtilisSM20231,0.071988834,ADEP,3,1
SABsubtilisSM20231,0.932405746,ADEP,3,2
SABsubtilisSM20231,0.276827969,AMX,1,3
SABsubtilisSM20231,0.484145695,AMX,2,3
SABsubtilisSM20231,0.661942329,AMX,3,3
SABsubtilisSM20231,0.27581095,AMXCLA,1,1
SABsubtilisSM20231,0.565166792,AMXCLA,2,1
SABsubtilisSM20231,0.735198545,AMXCLA,3,1
SABsubtilisSM20231,0.38716959,AZM,1,1
SABsubtilisSM20231,0.202234301,AZM,1,2
SABsubtilisSM20231,0.81600303,AZM,2,2
SABsubtilisSM20231,0.848504577,AZM,3,2
SABsubtilisSM20231,1,CA,1,1
SABsubtilisSM20231,1,CA,2,1
SABsubtilisSM20231,1,CA,3,1
SABsubtilisSM20231,0.064552881,CCCP,1,3
SABsubtilisSM20231,0.619038045,CCCP,2,3
SABsubtilisSM20231,0.68182991,CCCP,3,3
SABsubtilisSM20231,0.824302033,CLA,1,1
SABsubtilisSM20231,0.900948323,CLA,2,1
SABsubtilisSM20231,0.883324292,CLA,3,1
SABsubtilisSM20231,0.935082722,CXA,1,1
SABsubtilisSM20231,0.847296541,CXA,2,1
SABsubtilisSM20231,0.832043818,CXA,3,1
SABsubtilisSM20231,0.976408454,DAP,1,2
SABsubtilisSM20231,0.988979052,DAP,2,2
SABsubtilisSM20231,0.087711181,DAPC,1,2
SABsubtilisSM20231,0.929320235,DAPC,2,2
SABsubtilisSM20231,1,DAPC,3,2
SABsubtilisSM20231,0.803226524,DOX,2,2
SABsubtilisSM20231,0.888873132,DOX,3,2
SABsubtilisSM20231,0.057894796,ERI,1,3
SABsubtilisSM20231,0.096026841,ERI,2,3
SABsubtilisSM20231,0.55449852,ERI,3,3
SABsubtilisSM20231,0.487700958,FOF,1,1
SABsubtilisSM20231,0.530152816,FOF,1,2
SABsubtilisSM20231,0.586595611,FOF,2,1
SABsubtilisSM20231,0.657476901,FOF,2,2
SABsubtilisSM20231,0.709895181,FOF,3,1
SABsubtilisSM20231,0.772589062,FOF,3,2
SABsubtilisSM20231,0.043413817,FUS,1,3
SABsubtilisSM20231,0.775090452,FUS,1,4
SABsubtilisSM20231,0.035644498,FUS,2,3
SABsubtilisSM20231,0.941175722,FUS,2,4
SABsubtilisSM20231,0.08881743,FUS,3,3
SABsubtilisSM20231,0.892550709,FUS,3,4
SABsubtilisSM20231,0.104355221,GEN,1,1
SABsubtilisSM20231,0.810244963,GEN,2,1
SABsubtilisSM20231,0.891637489,GEN,3,1
SABsubtilisSM20231,0.901593359,IPM,1,3
SABsubtilisSM20231,0.925300442,IPM,2,3
SABsubtilisSM20231,0.931136791,IPM,3,3
SABsubtilisSM20231,0.043775077,MUP,1,1
SABsubtilisSM20231,0.013453652,MUP,2,1
SABsubtilisSM20231,0.03095061,MUP,3,1
SABsubtilisSM20231,0.935546492,NIT,1,2
SABsubtilisSM20231,0.937400219,NIT,2,2
SABsubtilisSM20231,0.893095435,NIT,3,2
SABsubtilisSM20231,0.094023951,ORI,2,2
SABsubtilisSM20231,0.306823172,ORI,3,2
SABsubtilisSM20231,0.545195375,OXA,1,2
SABsubtilisSM20231,0.723107236,OXA,2,2
SABsubtilisSM20231,0.754595476,OXA,3,2
SABsubtilisSM20231,0.463551687,PEN,1,2
SABsubtilisSM20231,0.536687759,PEN,2,2
SABsubtilisSM20231,0.609615758,PEN,3,2
SABsubtilisSM20231,0.773547746,PLM,1,1
SABsubtilisSM20231,0.048572902,PLM,1,2
SABsubtilisSM20231,0.910223798,PLM,2,1
SABsubtilisSM20231,0.064473972,PLM,2,2
SABsubtilisSM20231,0.889384115,PLM,3,1
SABsubtilisSM20231,0.312868005,PLM,3,2
SABsubtilisSM20231,0.927277821,PQ,1,1
SABsubtilisSM20231,0.889207792,PQ,1,2
SABsubtilisSM20231,0.942734886,PQ,2,1
SABsubtilisSM20231,0.920367582,PQ,2,2
SABsubtilisSM20231,0.927767311,PQ,3,1
SABsubtilisSM20231,0.928326338,PQ,3,2
SABsubtilisSM20231,0.98006916,PRC,1,1
SABsubtilisSM20231,0.956779719,PRC,1,2
SABsubtilisSM20231,0.995677203,PRC,2,1
SABsubtilisSM20231,0.966731696,PRC,2,2
SABsubtilisSM20231,0.910378991,PRC,3,1
SABsubtilisSM20231,0.901669212,PRC,3,2
SABsubtilisSM20231,1,PRI,1,1
SABsubtilisSM20231,1,PRI,1,2
SABsubtilisSM20231,1,PRI,2,1
SABsubtilisSM20231,0.999141424,PRI,2,2
SABsubtilisSM20231,0.984329868,PRI,3,1
SABsubtilisSM20231,1,PRI,3,2
SABsubtilisSM20231,0.961558335,PUR,1,1
SABsubtilisSM20231,0.369460707,PUR,1,2
SABsubtilisSM20231,1,PUR,2,1
SABsubtilisSM20231,0.796031126,PUR,2,2
SABsubtilisSM20231,0.985900335,PUR,3,1
SABsubtilisSM20231,0.915577883,PUR,3,2
SABsubtilisSM20231,0.63940289,PYO,1,1
SABsubtilisSM20231,0.9083816,PYO,2,1
SABsubtilisSM20231,0.879599538,PYO,3,1
SABsubtilisSM20231,0.041272884,RIF,1,1
SABsubtilisSM20231,0.88336664,RIF,1,2
SABsubtilisSM20231,0.032762505,RIF,2,1
SABsubtilisSM20231,1,RIF,2,2
SABsubtilisSM20231,0.020370969,RIF,3,1
SABsubtilisSM20231,0.999702092,RIF,3,2
SABsubtilisSM20231,0.964159493,SMX,1,1
SABsubtilisSM20231,0.970721539,SMX,2,1
SABsubtilisSM20231,0.929259642,SMX,3,1
SABsubtilisSM20231,0.043145832,SMXTMP,1,1
SABsubtilisSM20231,0.0420962,SMXTMP,2,1
SABsubtilisSM20231,0.052916703,SMXTMP,3,1
SABsubtilisSM20231,0.901038861,SPT,1,1
SABsubtilisSM20231,0.057701943,SPT,1,2
SABsubtilisSM20231,1,SPT,2,1
SABsubtilisSM20231,0.573310338,SPT,2,2
SABsubtilisSM20231,0.980720677,SPT,3,1
SABsubtilisSM20231,0.781580452,SPT,3,2
SABsubtilisSM20231,0.257462932,STR,1,1
SABsubtilisSM20231,0.903573757,STR,2,1
SABsubtilisSM20231,0.929309701,STR,3,1
SABsubtilisSM20231,0.681144257,STZ,1,1
SABsubtilisSM20231,0.828806773,STZ,2,1
SABsubtilisSM20231,0.845598929,STZ,3,1
SABsubtilisSM20231,0.965700861,TEC,1,1
SABsubtilisSM20231,0.987490148,TEC,1,2
SABsubtilisSM20231,0.974680673,TEC,2,1
SABsubtilisSM20231,1,TEC,2,2
SABsubtilisSM20231,0.974780835,TEC,3,1
SABsubtilisSM20231,1,TEC,3,2
SABsubtilisSM20231,0.026666355,TEL,1,3
SABsubtilisSM20231,0.303770628,TEL,1,4
SABsubtilisSM20231,0.030075341,TEL,2,3
SABsubtilisSM20231,0.769773637,TEL,2,4
SABsubtilisSM20231,0.078646481,TEL,3,3
SABsubtilisSM20231,0.883345816,TEL,3,4
SABsubtilisSM20231,0.027837656,TGC,1,1
SABsubtilisSM20231,0.891339636,TGC,1,2
SABsubtilisSM20231,0.040904909,TGC,2,1
SABsubtilisSM20231,0.872198082,TGC,2,2
SABsubtilisSM20231,0.486420187,TGC,3,1
SABsubtilisSM20231,0.862477541,TGC,3,2
SABsubtilisSM20231,0.994504553,TPH,1,1
SABsubtilisSM20231,0.986326436,TPH,2,1
SABsubtilisSM20231,0.927765343,TPH,3,1
SABsubtilisSM20231,0.261056021,TZD,1,1
SABsubtilisSM20231,0.655691948,TZD,2,1
SABsubtilisSM20231,0.908965177,TZD,3,1
SABsubtilisSM20231,1,U1,1,2
SABsubtilisSM20231,1,U1,2,2
SABsubtilisSM20231,1,U1,3,1
SABsubtilisSM20231,1,U1,3,2
SABsubtilisSM20231,1,VAN,2,2
SABsubtilisSM20231,0.897582349,VIR,1,1
SABsubtilisSM20231,0.797903144,VIR,1,2
SABsubtilisSM20231,0.944893121,VIR,2,1
SABsubtilisSM20231,0.858635173,VIR,2,2
SABsubtilisSM20231,0.884097266,VIR,3,1
SABsubtilisSM20231,0.893246245,VIR,3,2
SABsubtilisSM20231,0.530748433,5FU,1,1
SABsubtilisSM20231,0.798067348,5FU,2,1
SABsubtilisSM20231,0.895965856,5FU,3,1
SABsubtilisSM20231,1,ALF,1,1
SABsubtilisSM20231,1,ALF,2,1
SABsubtilisSM20231,1,ALF,3,1
SABsubtilisSM20231,0.916778299,ATO,1,1
SABsubtilisSM20231,0.938128922,ATO,2,1
SABsubtilisSM20231,0.936578643,ATO,3,1
SABsubtilisSM20231,0.085425682,BBM,1,1
SABsubtilisSM20231,0.700772224,BBM,1,2
SABsubtilisSM20231,0.067093729,BBM,2,1
SABsubtilisSM20231,0.962570701,BBM,2,2
SABsubtilisSM20231,0.122874826,BBM,3,1
SABsubtilisSM20231,0.966308742,BBM,3,2
SABsubtilisSM20231,0.84652489,CEL,1,1
SABsubtilisSM20231,0.886897943,CEL,2,1
SABsubtilisSM20231,0.944602173,CEL,3,1
SABsubtilisSM20231,0.94940847,CLO,1,1
SABsubtilisSM20231,0.92528924,CLO,2,1
SABsubtilisSM20231,0.911931905,CLO,3,1
SABsubtilisSM20231,0.906662185,DBP,1,1
SABsubtilisSM20231,0.950884111,DBP,2,1
SABsubtilisSM20231,0.984913923,DBP,3,1
SABsubtilisSM20231,0.317741123,DFL,1,1
SABsubtilisSM20231,0.558023338,DFL,2,1
SABsubtilisSM20231,0.728600922,DFL,3,1
SABsubtilisSM20231,0.902852764,DIA,1,2
SABsubtilisSM20231,0.913944424,DIA,2,2
SABsubtilisSM20231,0.868598109,DIA,3,2
SABsubtilisSM20231,0.990871156,DIE,1,1
SABsubtilisSM20231,0.968366446,DIE,2,1
SABsubtilisSM20231,0.944544098,DIE,3,1
SABsubtilisSM20231,0.964763814,DKR,1,1
SABsubtilisSM20231,0.941473302,DKR,2,1
SABsubtilisSM20231,1,DKR,3,1
SABsubtilisSM20231,0.981245323,ENT,1,1
SABsubtilisSM20231,0.968565604,ENT,2,1
SABsubtilisSM20231,0.954635274,ENT,3,1
SABsubtilisSM20231,1,EST,1,1
SABsubtilisSM20231,1,EST,2,1
SABsubtilisSM20231,0.962987493,EST,3,1
SABsubtilisSM20231,1,FEL,1,1
SABsubtilisSM20231,0.98057107,FEL,2,1
SABsubtilisSM20231,0.97850704,FEL,3,1
SABsubtilisSM20231,0.92670054,GEF,1,1
SABsubtilisSM20231,0.895323764,GEF,2,1
SABsubtilisSM20231,0.898047686,GEF,3,1
SABsubtilisSM20231,0.603364698,HEX,1,2
SABsubtilisSM20231,0.898008319,HEX,2,2
SABsubtilisSM20231,0.979446823,HEX,3,2
SABsubtilisSM20231,0.917046514,LOR,1,1
SABsubtilisSM20231,1,LOR,2,1
SABsubtilisSM20231,1,LOR,3,1
SABsubtilisSM20231,1,LOS,1,1
SABsubtilisSM20231,1,LOS,2,1
SABsubtilisSM20231,1,LOS,3,1
SABsubtilisSM20231,0.919001399,LOX,1,1
SABsubtilisSM20231,0.984482537,LOX,2,1
SABsubtilisSM20231,0.994667106,LOX,3,1
SABsubtilisSM20231,0.966580733,OME,1,1
SABsubtilisSM20231,0.9765236,OME,2,1
SABsubtilisSM20231,0.98633048,OME,3,1
SABsubtilisSM20231,1,PRO,1,1
SABsubtilisSM20231,0.999321805,PRO,2,1
SABsubtilisSM20231,0.940650108,PRO,3,1
SABsubtilisSM20231,1,QUE,1,1
SABsubtilisSM20231,0.973046998,QUE,2,1
SABsubtilisSM20231,0.990960688,QUE,3,1
SABsubtilisSM20231,0.059693503,RFX,1,1
SABsubtilisSM20231,0.084864764,RFX,2,1
SABsubtilisSM20231,0.574885021,RFX,3,1
SABsubtilisSM20231,0.943899817,SPI,1,1
SABsubtilisSM20231,1,SPI,1,2
SABsubtilisSM20231,0.948635765,SPI,2,1
SABsubtilisSM20231,0.997032122,SPI,2,2
SABsubtilisSM20231,0.955371854,SPI,3,1
SABsubtilisSM20231,1,SPI,3,2
SABsubtilisSM20231,0.956986613,SUC,1,1
SABsubtilisSM20231,1,SUC,1,2
SABsubtilisSM20231,0.980720824,SUC,2,1
SABsubtilisSM20231,1,SUC,2,2
SABsubtilisSM20231,0.901919854,SUC,3,1
SABsubtilisSM20231,1,SUC,3,2
SABsubtilisSM20231,0.972616857,TAM,1,1
SABsubtilisSM20231,0.974920395,TAM,1,2
SABsubtilisSM20231,0.993189786,TAM,2,1
SABsubtilisSM20231,0.913142808,TAM,2,2
SABsubtilisSM20231,0.977151831,TAM,3,1
SABsubtilisSM20231,0.922417032,TAM,3,2
SABsubtilisSM20231,0.755478983,TIC,1,1
SABsubtilisSM20231,0.649179369,TIC,1,2
SABsubtilisSM20231,0.930559088,TIC,2,1
SABsubtilisSM20231,0.77520668,TIC,2,2
SABsubtilisSM20231,0.991414461,TIC,3,1
SABsubtilisSM20231,0.899468531,TIC,3,2
SABsubtilisSM20231,0.455710652,TOL,1,1
SABsubtilisSM20231,0.349625421,TOL,1,2
SABsubtilisSM20231,0.757801617,TOL,2,1
SABsubtilisSM20231,0.599007898,TOL,2,2
SABsubtilisSM20231,0.84528329,TOL,3,1
SABsubtilisSM20231,0.771251299,TOL,3,2
SABsubtilisSM20231,0.065247844,ADEP,1,3
SABsubtilisSM20231,0.588285736,ADEP,1,4
SABsubtilisSM20231,0.136029608,ADEP,2,3
SABsubtilisSM20231,0.978113179,ADEP,2,4
SABsubtilisSM20231,0.667640145,ADEP,3,3
SABsubtilisSM20231,0.968797352,ADEP,3,4
SABsubtilisSM20231,0.957314922,ALF,1,2
SABsubtilisSM20231,0.976876052,ALF,2,2
SABsubtilisSM20231,0.979942243,ALF,3,2
SABsubtilisSM20231,1,ALL,1,1
SABsubtilisSM20231,1,ALL,2,1
SABsubtilisSM20231,0.988731323,ALL,3,1
SABsubtilisSM20231,0.906894515,ATO,1,2
SABsubtilisSM20231,0.930946324,ATO,2,2
SABsubtilisSM20231,0.902235877,ATO,3,2
SABsubtilisSM20231,0.851399145,BBM,1,2
SABsubtilisSM20231,0.980400477,BBM,2,2
SABsubtilisSM20231,0.996607812,BBM,3,2
SABsubtilisSM20231,0.93204349,CAF,1,2
SABsubtilisSM20231,0.93204349,CAF,1,2
SABsubtilisSM20231,0.763302806,CAF,3,1
SABsubtilisSM20231,0.881571543,CAF,3,2
SABsubtilisSM20231,0.994496798,CEL,1,2
SABsubtilisSM20231,0.956622024,CEL,2,2
SABsubtilisSM20231,1,CEL,3,2
SABsubtilisSM20231,0.922350404,CIL,1,1
SABsubtilisSM20231,0.896032258,CIL,1,2
SABsubtilisSM20231,0.920962569,CIL,2,1
SABsubtilisSM20231,0.892825476,CIL,2,2
SABsubtilisSM20231,0.920267382,CIL,3,2
SABsubtilisSM20231,0.030769565,CLM,1,1
SABsubtilisSM20231,0.344446656,CLM,1,2
SABsubtilisSM20231,0.066590891,CLM,2,1
SABsubtilisSM20231,0.661377383,CLM,2,2
SABsubtilisSM20231,0.752650925,CLM,3,1
SABsubtilisSM20231,0.783955709,CLM,3,2
SABsubtilisSM20231,1,CLO,1,2
SABsubtilisSM20231,1,CLO,2,2
SABsubtilisSM20231,1,CLO,3,2
SABsubtilisSM20231,0.951389392,CPR,1,1
SABsubtilisSM20231,0.958837617,CPR,1,2
SABsubtilisSM20231,0.93658311,CPR,2,1
SABsubtilisSM20231,0.931731155,CPR,2,2
SABsubtilisSM20231,0.949194914,CPR,3,1
SABsubtilisSM20231,0.898946805,CPR,3,2
SABsubtilisSM20231,0.371908261,DFL,1,2
SABsubtilisSM20231,0.212269236,DFL,2,2
SABsubtilisSM20231,0.647948089,DFL,3,2
SABsubtilisSM20231,0.883282668,ENT,1,2
SABsubtilisSM20231,0.883282668,ENT,1,2
SABsubtilisSM20231,0.910505136,ENT,3,2
SABsubtilisSM20231,0.882803467,EST,1,2
SABsubtilisSM20231,0.890826595,EST,2,2
SABsubtilisSM20231,0.933982049,EST,3,2
SABsubtilisSM20231,1,FEL,2,2
SABsubtilisSM20231,0.99909884,FEL,3,2
SABsubtilisSM20231,1,GEF,1,2
SABsubtilisSM20231,1,GEF,2,2
SABsubtilisSM20231,1,GEF,3,2
SABsubtilisSM20231,0.776918655,GLY,3,1
SABsubtilisSM20231,0.609749419,IBU,1,1
SABsubtilisSM20231,0.85325164,IBU,2,1
SABsubtilisSM20231,0.998385483,IBU,3,1
SABsubtilisSM20231,0.955820358,LOR,1,2
SABsubtilisSM20231,0.838019846,LOR,2,2
SABsubtilisSM20231,0.945996895,LOR,3,2
SABsubtilisSM20231,0.938245095,LOS,1,2
SABsubtilisSM20231,0.940944572,LOS,2,2
SABsubtilisSM20231,0.96463731,LOS,3,2
SABsubtilisSM20231,0.9570515,MEC,1,1
SABsubtilisSM20231,1,MEC,1,2
SABsubtilisSM20231,0.971886112,MEC,2,1
SABsubtilisSM20231,1,MEC,2,2
SABsubtilisSM20231,0.983864064,MEC,3,1
SABsubtilisSM20231,1,MEC,3,2
SABsubtilisSM20231,0.990903717,MON,1,1
SABsubtilisSM20231,0.888541179,MON,1,2
SABsubtilisSM20231,1,MON,2,1
SABsubtilisSM20231,0.871775018,MON,2,2
SABsubtilisSM20231,0.85326923,MON,3,2
SABsubtilisSM20231,0.968197574,MPD,1,1
SABsubtilisSM20231,0.916909356,MPD,1,2
SABsubtilisSM20231,0.976052842,MPD,2,1
SABsubtilisSM20231,0.894639893,MPD,2,2
SABsubtilisSM20231,0.966503083,MPD,3,1
SABsubtilisSM20231,0.868890169,MPD,3,2
SABsubtilisSM20231,0.906894806,MSM,1,1
SABsubtilisSM20231,0.928008426,MSM,2,1
SABsubtilisSM20231,0.921338239,MSM,3,1
SABsubtilisSM20231,0.985528816,MTF,1,1
SABsubtilisSM20231,0.966692377,MTF,2,1
SABsubtilisSM20231,1,MTF,2,2
SABsubtilisSM20231,0.984384284,MTF,3,1
SABsubtilisSM20231,1,MTF,3,2
SABsubtilisSM20231,0.744621373,MTX,1,1
SABsubtilisSM20231,0.810832063,MTX,2,1
SABsubtilisSM20231,0.833113683,MTX,3,1
SABsubtilisSM20231,0.798581282,NAP,1,1
SABsubtilisSM20231,0.964987634,NAP,2,1
SABsubtilisSM20231,1,NAP,3,1
SABsubtilisSM20231,0.959751211,NIC,1,2
SABsubtilisSM20231,0.953251423,NIC,2,2
SABsubtilisSM20231,0.889901605,NIC,3,1
SABsubtilisSM20231,0.967205229,NIC,3,2
SABsubtilisSM20231,0.840992129,OXY,1,1
SABsubtilisSM20231,0.977606617,OXY,2,1
SABsubtilisSM20231,1,OXY,3,1
SABsubtilisSM20231,0.029726432,PHE,1,2
SABsubtilisSM20231,0.051973597,PHE,2,2
SABsubtilisSM20231,0.330682652,PHE,3,2
SABsubtilisSM20231,1,SML,1,1
SABsubtilisSM20231,1,SML,2,1
SABsubtilisSM20231,1,SML,3,1
SABsubtilisSM20231,0.040292478,SUL,1,1
SABsubtilisSM20231,0.031100623,SUL,2,1
SABsubtilisSM20231,0.456287191,SUL,3,1
SABsubtilisSM20231,0.988560709,THY,1,2
SABsubtilisSM20231,1,THY,2,2
SABsubtilisSM20231,0.786631826,THY,3,1
SABsubtilisSM20231,0.981554503,THY,3,2
SABsubtilisSM20231,1,TIR,1,1
SABsubtilisSM20231,0.991392216,TIR,1,2
SABsubtilisSM20231,1,TIR,2,1
SABsubtilisSM20231,0.974073792,TIR,2,2
SABsubtilisSM20231,1,TIR,3,1
SABsubtilisSM20231,0.96493064,TIR,3,2
SABsubtilisSM20231,0.910440114,TLM,1,1
SABsubtilisSM20231,0.921055996,TLM,2,1
SABsubtilisSM20231,0.938764608,TLM,3,1
SABsubtilisSM20231,1,TRO,1,1
SABsubtilisSM20231,1,TRO,3,1
SABsubtilisSM20231,1,VPM,1,1
SABsubtilisSM20231,1,VPM,2,1
SABsubtilisSM20231,0.977635031,VPM,3,1
Bsubtilis,0.071511642,AMX,1,1
Bsubtilis,0.060752822,AMX,2,1
Bsubtilis,0.051956684,AMX,3,1
Bsubtilis,0.057004972,AUR,1,1
Bsubtilis,0.040067548,AUR,2,1
Bsubtilis,0.04389211,AUR,3,1
Bsubtilis,0.367639973,AZM,1,1
Bsubtilis,0.747793048,AZM,2,1
Bsubtilis,0.825777646,AZM,3,1
Bsubtilis,0.868399104,BAC,1,1
Bsubtilis,0.955263536,BAC,2,1
Bsubtilis,0.959039678,BAC,3,1
Bsubtilis,0.032853873,BZK,1,1
Bsubtilis,0.197596595,BZK,2,1
Bsubtilis,0.859517194,BZK,3,1
Bsubtilis,0.952883627,CA,1,1
Bsubtilis,0.950717269,CA,2,1
Bsubtilis,0.895394239,CA,3,1
Bsubtilis,0.037740288,CCCP,1,1
Bsubtilis,0.054317679,CCCP,2,1
Bsubtilis,0.176286267,CCCP,3,1
Bsubtilis,0.132862052,CHL,1,1
Bsubtilis,0.404646853,CHL,2,1
Bsubtilis,0.785433612,CHL,3,1
Bsubtilis,0.097036595,CIP,1,1
Bsubtilis,0.657286902,CIP,2,1
Bsubtilis,0.938212498,CIP,3,1
Bsubtilis,0.725358029,CLA,1,1
Bsubtilis,0.868432457,CLA,2,1
Bsubtilis,0.993485607,CLA,3,1
Bsubtilis,0.31688774,CLI,1,1
Bsubtilis,0.398077804,CLI,2,1
Bsubtilis,0.520727921,CLI,3,1
Bsubtilis,0.04826114,CLR,1,1
Bsubtilis,0.030898101,CLR,2,1
Bsubtilis,0.07860029,CLR,3,1
Bsubtilis,0.331714148,CTC,1,1
Bsubtilis,0.614806293,CTC,2,1
Bsubtilis,0.789076223,CTC,3,1
Bsubtilis,0.156732381,CTX,1,1
Bsubtilis,0.189789893,CTX,2,1
Bsubtilis,0.358955674,CTX,3,1
Bsubtilis,0.62503527,CXA,1,1
Bsubtilis,0.796527042,CXA,2,1
Bsubtilis,0.897551821,CXA,3,1
Bsubtilis,0.71056192,DAP,1,1
Bsubtilis,0.918360257,DAP,2,1
Bsubtilis,0.963106674,DAP,3,1
Bsubtilis,0.798483584,DCS,1,1
Bsubtilis,0.901603426,DCS,2,1
Bsubtilis,0.965037732,DCS,3,1
Bsubtilis,0.204320638,DOX,1,1
Bsubtilis,0.678175207,DOX,2,1
Bsubtilis,0.954726787,DOX,3,1
Bsubtilis,0.522474272,DXR,1,1
Bsubtilis,0.88559969,DXR,2,1
Bsubtilis,0.884366375,DXR,3,1
Bsubtilis,0.137052939,EGCG,1,1
Bsubtilis,0.39794657,EGCG,2,1
Bsubtilis,0.953228368,EGCG,3,1
Bsubtilis,0.089804447,ERI,1,1
Bsubtilis,0.729836629,ERI,1,2
Bsubtilis,0.068375396,ERI,2,1
Bsubtilis,0.907590737,ERI,2,2
Bsubtilis,0.112939025,ERI,3,1
Bsubtilis,0.966710946,ERI,3,2
Bsubtilis,0.308064591,FEP,1,1
Bsubtilis,0.490191311,FEP,2,1
Bsubtilis,0.738868242,FEP,3,1
Bsubtilis,0.254294884,FOF,1,1
Bsubtilis,0.516045237,FOF,2,1
Bsubtilis,0.626199931,FOF,3,1
Bsubtilis,0.06457769,FUS,1,1
Bsubtilis,0.700395131,FUS,1,2
Bsubtilis,0.081518584,FUS,2,1
Bsubtilis,0.925548903,FUS,2,2
Bsubtilis,0.20577206,FUS,3,1
Bsubtilis,0.931698042,FUS,3,2
Bsubtilis,0.058205756,GEN,1,1
Bsubtilis,0.206981243,GEN,2,1
Bsubtilis,0.866535312,GEN,3,1
Bsubtilis,0.107588521,IPM,1,1
Bsubtilis,0.608375842,IPM,2,1
Bsubtilis,0.877862462,IPM,3,1
Bsubtilis,0.047948977,LCX,1,1
Bsubtilis,0.043213027,LCX,2,1
Bsubtilis,0.048115887,LCX,3,1
Bsubtilis,0.874122783,LEX,1,1
Bsubtilis,0.90600353,LEX,2,1
Bsubtilis,0.937341183,LEX,3,1
Bsubtilis,0.94608713,LIN,1,1
Bsubtilis,0.979798151,LIN,2,1
Bsubtilis,0.94601613,LIN,3,1
Bsubtilis,0.028267461,LOP,1,1
Bsubtilis,0.03678677,LOP,2,1
Bsubtilis,0.687019665,LOP,3,1
Bsubtilis,0.041475342,LZD,1,1
Bsubtilis,0.063489775,LZD,2,1
Bsubtilis,0.493438963,LZD,3,1
Bsubtilis,0.039877456,MCZ,1,1
Bsubtilis,0.046442545,MCZ,2,1
Bsubtilis,0.351973243,MCZ,3,1
Bsubtilis,0.043803751,MMC,1,1
Bsubtilis,0.055399976,MMC,2,1
Bsubtilis,0.449528161,MMC,3,1
Bsubtilis,0.970344815,MTR,1,1
Bsubtilis,1,MTR,2,1
Bsubtilis,1,MTR,3,1
Bsubtilis,0.023014785,MUP,1,1
Bsubtilis,0.030124966,MUP,2,1
Bsubtilis,0.11545725,MUP,3,1
Bsubtilis,0.029706152,MXF,1,1
Bsubtilis,0.038643056,MXF,2,1
Bsubtilis,0.036337192,MXF,3,1
Bsubtilis,0.037253684,NIT,1,1
Bsubtilis,0.05196425,NIT,2,1
Bsubtilis,0.458658439,NIT,3,1
Bsubtilis,0.413013496,NSN,1,1
Bsubtilis,0.775414257,NSN,2,1
Bsubtilis,0.894895116,NSN,3,1
Bsubtilis,1,NVB,1,1
Bsubtilis,0.961955226,NVB,2,1
Bsubtilis,1,NVB,3,1
Bsubtilis,0.023085944,ORI,1,1
Bsubtilis,0.028177936,ORI,2,1
Bsubtilis,0.052632868,ORI,3,1
Bsubtilis,0.845637169,OXA,1,1
Bsubtilis,0.929327013,OXA,2,1
Bsubtilis,0.965215612,OXA,3,1
Bsubtilis,0.02576405,PEN,1,1
Bsubtilis,0.761419122,PEN,3,1
Bsubtilis,0.104095978,PLM,1,1
Bsubtilis,0.657824085,PLM,2,1
Bsubtilis,0.841554571,PLM,3,1
Bsubtilis,0.726503056,PQ,1,1
Bsubtilis,0.91349503,PQ,2,1
Bsubtilis,0.979994866,PQ,3,1
Bsubtilis,0.865780123,PRC,1,1
Bsubtilis,0.914935083,PRC,2,1
Bsubtilis,0.961090885,PRC,3,1
Bsubtilis,0.85956401,PRI,1,1
Bsubtilis,0.966924753,PRI,2,1
Bsubtilis,0.970780373,PRI,3,1
Bsubtilis,0.861626056,PUR,1,1
Bsubtilis,0.929480549,PUR,2,1
Bsubtilis,0.932697048,PUR,3,1
Bsubtilis,0.691018948,PYO,1,1
Bsubtilis,0.878263215,PYO,2,1
Bsubtilis,0.974723565,PYO,3,1
Bsubtilis,0.174457737,RIF,1,1
Bsubtilis,0.718267291,RIF,2,1
Bsubtilis,0.92860583,RIF,3,1
Bsubtilis,0.979552958,SMX,1,1
Bsubtilis,0.947939225,SMX,2,1
Bsubtilis,0.985130292,SMX,3,1
Bsubtilis,0.913726666,SPT,1,1
Bsubtilis,1,SPT,2,1
Bsubtilis,1,SPT,3,1
Bsubtilis,0.070601891,STR,1,1
Bsubtilis,0.091710565,STR,1,2
Bsubtilis,0.484627638,STR,2,1
Bsubtilis,0.344065606,STR,2,2
Bsubtilis,0.95445922,STR,3,1
Bsubtilis,0.939464078,STR,3,2
Bsubtilis,0.041395517,TEC,1,1
Bsubtilis,0.199524912,TEC,2,1
Bsubtilis,0.838451488,TEC,3,1
Bsubtilis,0.070553148,TEL,1,1
Bsubtilis,0.035640335,TEL,1,2
Bsubtilis,0.035480146,TEL,2,1
Bsubtilis,0.042155196,TEL,2,2
Bsubtilis,0.083323623,TEL,3,1
Bsubtilis,0.057597855,TEL,3,2
Bsubtilis,0.972259544,TGC,1,1
Bsubtilis,0.991811555,TGC,2,1
Bsubtilis,1,TGC,3,1
Bsubtilis,0.355878026,TMP,1,1
Bsubtilis,0.318345423,TMP,1,2
Bsubtilis,0.433630223,TMP,2,1
Bsubtilis,0.343407637,TMP,2,2
Bsubtilis,0.485756493,TMP,3,1
Bsubtilis,0.390978625,TMP,3,2
Bsubtilis,0.028932254,TRI,1,1
Bsubtilis,0.039946842,TRI,2,1
Bsubtilis,0.042045498,TRI,3,1
Bsubtilis,0.31239512,TZD,1,1
Bsubtilis,0.806930566,TZD,2,1
Bsubtilis,0.968132545,TZD,3,1
Bsubtilis,0.949687768,U1,1,1
Bsubtilis,0.8969027,U1,2,1
Bsubtilis,0.939063951,U1,3,1
Bsubtilis,0.038008395,VAN,1,1
Bsubtilis,0.036556623,VAN,2,1
Bsubtilis,0.775755725,VAN,3,1
Bsubtilis,0.956791701,VIR,1,1
Bsubtilis,0.926557074,VIR,2,1
Bsubtilis,1,VIR,3,1
Bsubtilis,0.288567764,AMX,1,1
Bsubtilis,0.088521329,AMX,1,2
Bsubtilis,0.106595796,AMX,1,3
Bsubtilis,0.106595796,AMX,1,3
Bsubtilis,0.719167928,AMX,2,1
Bsubtilis,0.075643641,AMX,2,2
Bsubtilis,0.582290101,AMX,2,3
Bsubtilis,0.582290101,AMX,2,3
Bsubtilis,0.842507421,AMX,3,1
Bsubtilis,0.309836773,AMX,3,2
Bsubtilis,0.763217612,AMX,3,3
Bsubtilis,0.763217612,AMX,3,3
Bsubtilis,0.669515172,AMXCLA,1,2
Bsubtilis,0.830219124,AMXCLA,2,2
Bsubtilis,0.949354127,AMXCLA,3,2
Bsubtilis,0.071587331,ASA,1,2
Bsubtilis,0.576059015,ASA,2,2
Bsubtilis,0.791283806,ASA,3,2
Bsubtilis,0.092794835,AUR,1,2
Bsubtilis,0.684656331,AUR,2,2
Bsubtilis,0.866603183,AUR,3,2
Bsubtilis,0.128581069,AZM,1,2
Bsubtilis,0.964133464,AZM,1,3
Bsubtilis,0.737983732,AZM,2,2
Bsubtilis,0.903412077,AZM,3,2
Bsubtilis,1,AZM,3,3
Bsubtilis,0.322875227,BAC,1,2
Bsubtilis,0.66580014,BAC,2,2
Bsubtilis,0.763377812,BAC,3,2
Bsubtilis,1,BZK,1,2
Bsubtilis,0.949230321,BZK,2,2
Bsubtilis,1,BZK,3,2
Bsubtilis,0.908984313,CA,1,1
Bsubtilis,0.806763678,CA,2,1
Bsubtilis,0.915523967,CA,3,1
Bsubtilis,0.330353531,CCCP,1,2
Bsubtilis,0.563420965,CCCP,2,2
Bsubtilis,0.728142995,CCCP,3,2
Bsubtilis,0.94595146,CHL,1,2
Bsubtilis,0.95434815,CHL,2,2
Bsubtilis,1,CHL,3,2
Bsubtilis,0.361092711,CIP,1,2
Bsubtilis,0.858736507,CIP,2,2
Bsubtilis,1,CIP,3,2
Bsubtilis,0.773866662,CLA,1,2
Bsubtilis,0.846225779,CLA,2,2
Bsubtilis,0.893302934,CLA,3,2
Bsubtilis,0.909924497,CLI,1,2
Bsubtilis,1,CLI,3,2
Bsubtilis,0.101293318,CLR,1,2
Bsubtilis,0.581810533,CLR,2,2
Bsubtilis,0.778505025,CLR,3,2
Bsubtilis,0.707532123,CTC,1,2
Bsubtilis,0.83916302,CTC,2,2
Bsubtilis,0.95852406,CTC,3,2
Bsubtilis,0.432180127,CTX,1,2
Bsubtilis,0.561614217,CTX,2,2
Bsubtilis,0.737227914,CTX,3,2
Bsubtilis,0.3102787,CXA,1,2
Bsubtilis,0.440363274,CXA,2,2
Bsubtilis,0.553600267,CXA,3,2
Bsubtilis,0.627076023,DAP,1,2
Bsubtilis,0.875026194,DAP,2,2
Bsubtilis,0.954313785,DAP,3,2
Bsubtilis,0.993603318,DCS,1,2
Bsubtilis,0.956578333,DCS,2,2
Bsubtilis,1,DCS,3,2
Bsubtilis,0.835573387,DOX,1,2
Bsubtilis,0.992001717,DOX,2,2
Bsubtilis,1,DOX,3,2
Bsubtilis,0.686976828,DXR,1,2
Bsubtilis,0.947298945,DXR,2,2
Bsubtilis,0.97959819,DXR,3,2
Bsubtilis,0.775139604,EGCG,1,2
Bsubtilis,0.945560405,EGCG,2,2
Bsubtilis,1,EGCG,3,2
Bsubtilis,0.960991946,FEP,1,2
Bsubtilis,1,FEP,3,2
Bsubtilis,0.669296107,FOF,1,2
Bsubtilis,0.824000734,FOF,2,2
Bsubtilis,0.904262983,FOF,3,2
Bsubtilis,0.435274465,GEN,1,2
Bsubtilis,1,GEN,2,2
Bsubtilis,1,GEN,3,2
Bsubtilis,0.950161298,IPM,1,2
Bsubtilis,0.99330135,IPM,2,2
Bsubtilis,0.998520603,IPM,3,2
Bsubtilis,0.899979647,LCX,1,2
Bsubtilis,0.900930629,LCX,2,2
Bsubtilis,0.981171928,LCX,3,2
Bsubtilis,1,LIN,1,2
Bsubtilis,1,LIN,2,2
Bsubtilis,1,LIN,3,2
Bsubtilis,0.061467594,LZD,1,2
Bsubtilis,0.421682386,LZD,2,2
Bsubtilis,0.791596596,LZD,3,2
Bsubtilis,0.508967823,MCZ,1,2
Bsubtilis,0.7409894,MCZ,2,2
Bsubtilis,0.869963245,MCZ,3,2
Bsubtilis,0.081746393,MUP,1,2
Bsubtilis,0.448571591,MUP,2,2
Bsubtilis,0.813231877,MUP,3,2
Bsubtilis,0.054763999,MXF,1,2
Bsubtilis,0.039340522,MXF,1,3
Bsubtilis,0.082042832,MXF,2,2
Bsubtilis,0.045434775,MXF,2,3
Bsubtilis,0.061601349,MXF,3,2
Bsubtilis,0.053367153,MXF,3,3
Bsubtilis,0.062169531,NIT,1,2
Bsubtilis,0.57330392,NIT,2,2
Bsubtilis,0.826881376,NIT,3,2
Bsubtilis,0.057316521,NSN,1,2
Bsubtilis,0.050884415,NSN,1,3
Bsubtilis,0.291356979,NSN,2,2
Bsubtilis,0.059346514,NSN,2,3
Bsubtilis,0.825817967,NSN,3,2
Bsubtilis,0.597132742,NSN,3,3
Bsubtilis,0.42610051,NVB,1,2
Bsubtilis,0.718961696,NVB,2,2
Bsubtilis,0.863320045,NVB,3,2
Bsubtilis,0.067434328,ORI,1,2
Bsubtilis,0.041537406,ORI,2,2
Bsubtilis,0.041268197,ORI,3,2
Bsubtilis,0.044742089,OXA,1,2
Bsubtilis,0.040255424,OXA,2,2
Bsubtilis,0.319374052,OXA,3,2
Bsubtilis,0.075262377,PEN,1,2
Bsubtilis,0.481578298,PEN,2,2
Bsubtilis,0.835114294,PEN,3,2
Bsubtilis,0.971011384,PLM,1,2
Bsubtilis,1,PLM,2,2
Bsubtilis,0.994325042,PLM,3,2
Bsubtilis,0.837143046,SMX,1,2
Bsubtilis,0.816491723,SMX,2,2
Bsubtilis,0.953089758,SMX,3,2
Bsubtilis,0.24933229,SMXTMP,1,1
Bsubtilis,0.388326823,SMXTMP,2,1
Bsubtilis,0.575243795,SMXTMP,3,1
Bsubtilis,0.424993963,TEC,1,2
Bsubtilis,0.29891034,TEC,1,3
Bsubtilis,0.790877137,TEC,2,2
Bsubtilis,0.758388364,TEC,2,3
Bsubtilis,0.84420532,TEC,3,2
Bsubtilis,0.823357422,TEC,3,3
Bsubtilis,0.763241273,TEL,1,3
Bsubtilis,0.889385971,TEL,2,3
Bsubtilis,0.948870138,TEL,3,3
Bsubtilis,0.949495314,TGC,1,2
Bsubtilis,0.957547126,TGC,2,2
Bsubtilis,1,TGC,3,2
Bsubtilis,0.358010828,TMP,1,1
Bsubtilis,0.279590136,TMP,1,3
Bsubtilis,0.321415013,TMP,1,4
Bsubtilis,0.447407842,TMP,1,5
Bsubtilis,0.489082545,TMP,2,1
Bsubtilis,0.354517484,TMP,2,3
Bsubtilis,0.457848477,TMP,2,4
Bsubtilis,0.605289915,TMP,2,5
Bsubtilis,0.671196658,TMP,3,1
Bsubtilis,0.537640835,TMP,3,3
Bsubtilis,0.659727082,TMP,3,4
Bsubtilis,0.757394377,TMP,3,5
Bsubtilis,0.111539548,TRI,1,2
Bsubtilis,0.391469181,TRI,2,2
Bsubtilis,0.700717411,TRI,3,2
Spneumoniae,0.956115778,AMX,1,1
Spneumoniae,0.493836124,AMX,1,2
Spneumoniae,1,AMX,2,1
Spneumoniae,1,AMX,2,2
Spneumoniae,1,AMX,3,1
Spneumoniae,1,AMX,3,2
Spneumoniae,0.851889582,ASA,1,1
Spneumoniae,0.830450493,ASA,1,2
Spneumoniae,0.972141224,ASA,2,1
Spneumoniae,1,ASA,2,2
Spneumoniae,1,ASA,3,1
Spneumoniae,1,ASA,3,2
Spneumoniae,0.066645893,AUR,1,1
Spneumoniae,0.111089148,AUR,1,2
Spneumoniae,0.072472787,AUR,2,1
Spneumoniae,0.361747441,AUR,2,2
Spneumoniae,0.05078243,AUR,3,1
Spneumoniae,0.792990182,AUR,3,2
Spneumoniae,0.068135213,AZM,1,1
Spneumoniae,0.075095073,AZM,1,2
Spneumoniae,0.187781654,AZM,2,1
Spneumoniae,0.099363617,AZM,2,2
Spneumoniae,0.412342564,AZM,3,1
Spneumoniae,0.209082441,AZM,3,2
Spneumoniae,0.104974835,BAC,1,1
Spneumoniae,0.685637689,BAC,1,2
Spneumoniae,0.102940844,BAC,2,1
Spneumoniae,0.968077967,BAC,2,2
Spneumoniae,0.09269408,BAC,3,1
Spneumoniae,0.989257321,BAC,3,2
Spneumoniae,0.580060133,BZK,1,1
Spneumoniae,0.494216505,BZK,1,2
Spneumoniae,1,BZK,2,1
Spneumoniae,0.966925976,BZK,2,2
Spneumoniae,1,BZK,3,1
Spneumoniae,1,BZK,3,2
Spneumoniae,0.231169737,CCCP,1,1
Spneumoniae,0.191936767,CCCP,1,2
Spneumoniae,0.426673339,CCCP,2,1
Spneumoniae,0.252602534,CCCP,2,2
Spneumoniae,0.60546942,CCCP,3,1
Spneumoniae,0.429482707,CCCP,3,2
Spneumoniae,0.15181345,CHL,1,1
Spneumoniae,0.116729617,CHL,1,2
Spneumoniae,0.36929149,CHL,2,1
Spneumoniae,0.331046122,CHL,2,2
Spneumoniae,0.629113108,CHL,3,1
Spneumoniae,0.571703515,CHL,3,2
Spneumoniae,0.894153546,CIP,1,1
Spneumoniae,0.894153546,CIP,1,1
Spneumoniae,0.509932254,CIP,1,2
Spneumoniae,0.835659807,CIP,2,2
Spneumoniae,0.958536988,CIP,3,1
Spneumoniae,0.962926258,CIP,3,2
Spneumoniae,0.62094987,CLA,1,1
Spneumoniae,0.821861992,CLA,1,2
Spneumoniae,0.863601052,CLA,2,1
Spneumoniae,0.975114776,CLA,2,2
Spneumoniae,0.936379902,CLA,3,1
Spneumoniae,0.972037326,CLA,3,2
Spneumoniae,0.198212092,CLI,1,1
Spneumoniae,0.243975389,CLI,1,2
Spneumoniae,0.528817903,CLI,2,1
Spneumoniae,0.495185027,CLI,2,2
Spneumoniae,0.833195358,CLI,3,1
Spneumoniae,0.741059669,CLI,3,2
Spneumoniae,0.094360105,CLR,1,1
Spneumoniae,0.05332285,CLR,1,2
Spneumoniae,0.114083811,CLR,2,1
Spneumoniae,0.084150936,CLR,2,2
Spneumoniae,0.147845184,CLR,3,1
Spneumoniae,0.143179917,CLR,3,2
Spneumoniae,0.08526476,CTC,1,1
Spneumoniae,0.044351871,CTC,1,2
Spneumoniae,0.084755628,CTC,2,1
Spneumoniae,0.047019235,CTC,2,2
Spneumoniae,0.078138973,CTC,3,1
Spneumoniae,0.042617436,CTC,3,2
Spneumoniae,0.916920384,CTX,1,1
Spneumoniae,0.913911368,CTX,1,2
Spneumoniae,0.987284374,CTX,2,1
Spneumoniae,1,CTX,2,2
Spneumoniae,1,CTX,3,1
Spneumoniae,1,CTX,3,2
Spneumoniae,0.050783346,CXA,1,1
Spneumoniae,0.053151785,CXA,1,2
Spneumoniae,0.049816968,CXA,2,1
Spneumoniae,0.058897758,CXA,2,2
Spneumoniae,0.040189622,CXA,3,1
Spneumoniae,0.059803124,CXA,3,2
Spneumoniae,0.889611149,DAP,1,1
Spneumoniae,0.888973564,DAP,1,2
Spneumoniae,0.92720563,DAP,2,1
Spneumoniae,0.922875763,DAP,2,2
Spneumoniae,0.935027682,DAP,3,1
Spneumoniae,0.912197406,DAP,3,2
Spneumoniae,0.158072785,DCS,1,1
Spneumoniae,0.711027482,DCS,1,2
Spneumoniae,0.630643547,DCS,2,1
Spneumoniae,1,DCS,2,2
Spneumoniae,0.87322349,DCS,3,1
Spneumoniae,1,DCS,3,2
Spneumoniae,0.847603805,DXR,1,1
Spneumoniae,0.971526136,DXR,1,2
Spneumoniae,0.92091543,DXR,2,1
Spneumoniae,1,DXR,2,2
Spneumoniae,0.912587298,DXR,3,1
Spneumoniae,1,DXR,3,2
Spneumoniae,0.951164989,EGCG,2,1
Spneumoniae,0.929767635,EGCG,2,2
Spneumoniae,0.96747767,EGCG,3,1
Spneumoniae,0.892326012,EGCG,3,2
Spneumoniae,0.080975114,ERI,1,1
Spneumoniae,0.075518064,ERI,1,2
Spneumoniae,0.135615066,ERI,2,1
Spneumoniae,0.226650621,ERI,2,2
Spneumoniae,0.270898864,ERI,3,1
Spneumoniae,0.385531105,ERI,3,2
Spneumoniae,0.97277345,FEP,1,1
Spneumoniae,0.924460213,FEP,1,2
Spneumoniae,1,FEP,2,1
Spneumoniae,1,FEP,2,2
Spneumoniae,1,FEP,3,1
Spneumoniae,1,FEP,3,2
Spneumoniae,0.848137944,FOF,1,1
Spneumoniae,0.808645146,FOF,1,2
Spneumoniae,1,FOF,2,1
Spneumoniae,0.92188366,FOF,2,2
Spneumoniae,1,FOF,3,1
Spneumoniae,0.939268855,FOF,3,2
Spneumoniae,0.329773224,FUS,1,1
Spneumoniae,0.27815527,FUS,1,2
Spneumoniae,0.616769105,FUS,2,1
Spneumoniae,0.516484113,FUS,2,2
Spneumoniae,0.847908222,FUS,3,1
Spneumoniae,0.796643451,FUS,3,2
Spneumoniae,0.890329209,GEN,1,1
Spneumoniae,0.892474659,GEN,1,2
Spneumoniae,0.946600051,GEN,2,1
Spneumoniae,0.891989613,GEN,2,2
Spneumoniae,0.945789171,GEN,3,1
Spneumoniae,0.900594204,GEN,3,2
Spneumoniae,0.139159572,NVB,1,1
Spneumoniae,0.839412448,NVB,1,2
Spneumoniae,0.168020902,NVB,2,1
Spneumoniae,0.959296087,NVB,2,2
Spneumoniae,0.305960615,NVB,3,1
Spneumoniae,0.969105437,NVB,3,2
Spneumoniae,0.07111987,TEL,1,1
Spneumoniae,0.156111357,TEL,1,2
Spneumoniae,0.138877838,TEL,2,1
Spneumoniae,0.398376562,TEL,2,2
Spneumoniae,0.335660025,TEL,3,1
Spneumoniae,0.725311745,TEL,3,2
Spneumoniae,0.140977816,TMP,1,1
Spneumoniae,0.133074384,TMP,1,2
Spneumoniae,0.328525346,TMP,2,1
Spneumoniae,0.409873293,TMP,2,2
Spneumoniae,0.727452783,TMP,3,1
Spneumoniae,0.760046279,TMP,3,2
Spneumoniae,0.149908311,TRI,1,1
Spneumoniae,0.19187928,TRI,1,2
Spneumoniae,0.757428417,TRI,2,1
Spneumoniae,0.888211085,TRI,2,2
Spneumoniae,1,TRI,3,1
Spneumoniae,0.974905081,TRI,3,2
Spneumoniae,0.571348456,AZM,1,3
Spneumoniae,0.805508329,AZM,2,3
Spneumoniae,0.849599223,AZM,3,3
Spneumoniae,0.617462847,CLR,1,3
Spneumoniae,0.790428645,CLR,2,3
Spneumoniae,0.866342775,CLR,3,3
Spneumoniae,0.077273625,CXA,1,2
Spneumoniae,0.120063565,CXA,2,2
Spneumoniae,0.09972215,CXA,3,2
Spneumoniae,0.932519354,DOX,1,1
Spneumoniae,0.440661655,DOX,1,2
Spneumoniae,0.944455645,DOX,2,1
Spneumoniae,0.821978155,DOX,2,2
Spneumoniae,0.971726707,DOX,3,1
Spneumoniae,0.96447712,DOX,3,2
Spneumoniae,0.871674223,IPM,1,1
Spneumoniae,0.824643213,IPM,1,2
Spneumoniae,0.893598258,IPM,2,1
Spneumoniae,0.907144918,IPM,2,2
Spneumoniae,0.913385838,IPM,3,1
Spneumoniae,0.930918609,IPM,3,2
Spneumoniae,0.405121214,LCX,1,1
Spneumoniae,0.780538427,LCX,2,1
Spneumoniae,0.959205291,LCX,2,2
Spneumoniae,0.889572296,LCX,3,1
Spneumoniae,1,LCX,3,2
Spneumoniae,0.954736461,LEX,1,1
Spneumoniae,0.900813182,LEX,2,1
Spneumoniae,0.948984874,LEX,3,1
Spneumoniae,0.151480914,LIN,1,1
Spneumoniae,0.248935616,LIN,1,2
Spneumoniae,0.533250273,LIN,2,1
Spneumoniae,0.52547966,LIN,2,2
Spneumoniae,0.747266674,LIN,3,1
Spneumoniae,0.853728763,LIN,3,2
Spneumoniae,0.930255957,LOP,1,1
Spneumoniae,1,LOP,2,1
Spneumoniae,0.8510744,LOP,2,2
Spneumoniae,0.8510744,LOP,2,2
Spneumoniae,1,LOP,3,1
Spneumoniae,0.922330369,LOP,3,2
Spneumoniae,0.262552011,LZD,1,1
Spneumoniae,0.30598335,LZD,1,2
Spneumoniae,0.495845987,LZD,2,1
Spneumoniae,0.585057106,LZD,2,2
Spneumoniae,0.798192752,LZD,3,1
Spneumoniae,0.735836064,LZD,3,2
Spneumoniae,0.903076275,MCZ,1,1
Spneumoniae,0.957648255,MCZ,1,2
Spneumoniae,0.923987866,MCZ,2,1
Spneumoniae,1,MCZ,2,2
Spneumoniae,0.94587881,MCZ,3,1
Spneumoniae,1,MCZ,3,2
Spneumoniae,0.733222451,MMC,1,1
Spneumoniae,0.72408569,MMC,1,2
Spneumoniae,0.944753459,MMC,2,1
Spneumoniae,0.840130603,MMC,2,2
Spneumoniae,0.967241857,MMC,3,1
Spneumoniae,0.916267107,MMC,3,2
Spneumoniae,1,MTR,1,1
Spneumoniae,0.902043303,MTR,1,2
Spneumoniae,1,MTR,2,1
Spneumoniae,1,MTR,3,1
Spneumoniae,0.981021962,MTR,3,2
Spneumoniae,0.35437008,MUP,1,1
Spneumoniae,0.514527798,MUP,1,2
Spneumoniae,0.650625855,MUP,2,1
Spneumoniae,0.853309135,MUP,2,2
Spneumoniae,0.844098007,MUP,3,1
Spneumoniae,0.995604333,MUP,3,2
Spneumoniae,1,MXF,1,1
Spneumoniae,0.862556922,MXF,1,2
Spneumoniae,1,MXF,2,1
Spneumoniae,0.922443539,MXF,2,2
Spneumoniae,1,MXF,3,1
Spneumoniae,0.929133775,MXF,3,2
Spneumoniae,0.826549039,NIT,1,1
Spneumoniae,0.954077523,NIT,2,1
Spneumoniae,0.787689788,NIT,2,2
Spneumoniae,0.787689788,NIT,2,2
Spneumoniae,0.955993532,NIT,3,1
Spneumoniae,0.937693387,NIT,3,2
Spneumoniae,0.079203381,NSN,1,1
Spneumoniae,0.062841698,NSN,1,2
Spneumoniae,0.337026331,NSN,2,1
Spneumoniae,0.35397537,NSN,2,2
Spneumoniae,0.83369403,NSN,3,1
Spneumoniae,0.873631779,NSN,3,2
Spneumoniae,0.069094995,ORI,1,1
Spneumoniae,0.092366035,ORI,2,1
Spneumoniae,0.039532083,ORI,3,1
Spneumoniae,0.515999383,OXA,1,1
Spneumoniae,0.451149134,OXA,1,2
Spneumoniae,0.932354883,OXA,2,1
Spneumoniae,0.792101692,OXA,2,2
Spneumoniae,1,OXA,3,1
Spneumoniae,0.857032606,OXA,3,2
Spneumoniae,0.046118732,PEN,1,1
Spneumoniae,0.128053485,PEN,1,2
Spneumoniae,0.824808795,PEN,2,2
Spneumoniae,0.830871317,PEN,3,1
Spneumoniae,0.89258208,PEN,3,2
Spneumoniae,1,PLM,1,1
Spneumoniae,1,PLM,2,1
Spneumoniae,1,PLM,3,1
Spneumoniae,0.992779444,PQ,1,1
Spneumoniae,1,PQ,2,1
Spneumoniae,0.932675847,PRC,1,1
Spneumoniae,0.987992269,PRC,2,1
Spneumoniae,0.955940963,PRC,3,1
Spneumoniae,0.412768913,PRI,1,1
Spneumoniae,0.018833104,PRI,2,1
Spneumoniae,0.678461878,PRI,3,1
Spneumoniae,0.634521462,PUR,1,1
Spneumoniae,0.8313717,PUR,2,1
Spneumoniae,0.871521765,PUR,3,1
Spneumoniae,1,PYO,2,1
Spneumoniae,1,PYO,2,1
Spneumoniae,1,PYO,3,1
Spneumoniae,0.20345721,RIF,1,1
Spneumoniae,0.140954973,RIF,1,2
Spneumoniae,0.329398874,RIF,2,1
Spneumoniae,0.332575308,RIF,2,2
Spneumoniae,0.791203229,RIF,3,1
Spneumoniae,0.709517087,RIF,3,2
Spneumoniae,0.942701762,SMX,1,1
Spneumoniae,0.984694833,SMX,2,1
Spneumoniae,0.855541804,SMX,3,1
Spneumoniae,0.857907676,SPT,2,1
Spneumoniae,0.857907676,SPT,2,1
Spneumoniae,0.986084847,SPT,3,1
Spneumoniae,0.928393015,STR,1,1
Spneumoniae,0.721062067,STR,1,2
Spneumoniae,0.97700695,STR,2,1
Spneumoniae,0.818932515,STR,2,2
Spneumoniae,0.956467177,STR,3,1
Spneumoniae,0.889226152,STR,3,2
Spneumoniae,0.998469829,STZ,1,1
Spneumoniae,0.948308321,STZ,2,1
Spneumoniae,0.936917143,STZ,3,1
Spneumoniae,0.0913236,TEC,1,1
Spneumoniae,0.112375,TEC,2,1
Spneumoniae,0.162620192,TEC,3,1
Spneumoniae,0.945635571,TGC,1,1
Spneumoniae,0.894174849,TGC,1,2
Spneumoniae,0.911560435,TGC,2,1
Spneumoniae,0.952684903,TGC,2,2
Spneumoniae,0.905090186,TGC,3,1
Spneumoniae,0.946177982,TGC,3,2
Spneumoniae,0.871524031,TZD,1,1
Spneumoniae,0.832960754,TZD,1,2
Spneumoniae,1,TZD,2,1
Spneumoniae,0.985183706,TZD,2,2
Spneumoniae,1,TZD,3,1
Spneumoniae,0.971002231,TZD,3,2
Spneumoniae,0.911497878,U1,1,1
Spneumoniae,0.911582957,U1,2,1
Spneumoniae,0.960440142,U1,3,1
Spneumoniae,0.182395903,VAN,1,1
Spneumoniae,0.926907537,VAN,1,2
Spneumoniae,0.804719469,VAN,2,1
Spneumoniae,1,VAN,2,2
Spneumoniae,0.898138,VAN,3,1
Spneumoniae,1,VAN,3,2
Spneumoniae,0.974302622,VIR,1,1
Spneumoniae,0.903304193,VIR,1,2
Spneumoniae,1,VIR,2,1
Spneumoniae,0.974697402,VIR,2,2
Spneumoniae,1,VIR,3,1
Spneumoniae,1,VIR,3,2
